epic,epic_name,feature,user_story,story_description,implementation,test_file,test_count,test_coverage,status
NM,Network Monitoring,Device Discovery,US001,"As a user, I want to see all devices on my network",utils/arp_scanner.py:scan_network(),tests/test_database.py,5,100,COMPLETED
NM,Network Monitoring,Device Discovery,US002,"As a user, I want to see device types and manufacturers",utils/device_classifier.py:classify_device(),tests/test_database.py,3,100,COMPLETED
NM,Network Monitoring,Traffic Analysis,US003,"As a user, I want to see network traffic patterns",capture/zeek_log_parser.py:parse_conn_log(),tests/test_capture.py,8,95,COMPLETED
NM,Network Monitoring,Traffic Analysis,US004,"As a user, I want real-time packet capture",orchestrator.py:start_packet_capture(),tests/test_capture.py,4,90,COMPLETED
AD,Anomaly Detection,ML-based Detection,US005,"As a user, I want automated anomaly detection",ml/inference_engine.py:detect_anomalies(),tests/test_inference_engine.py,12,88,COMPLETED
AD,Anomaly Detection,ML-based Detection,US006,"As a user, I want dual ML models for accuracy","ml/train_autoencoder.py, ml/train_isolation_forest.py",tests/test_ml.py,10,85,COMPLETED
AD,Anomaly Detection,Baseline Learning,US007,"As a user, I want the system to learn normal behavior",scripts/baseline_collector.py:collect_baseline(),tests/test_ml.py,6,80,COMPLETED
AD,Anomaly Detection,Feature Extraction,US008,"As a developer, I want automated feature extraction",ml/feature_extractor.py:extract_features(),tests/test_ml.py,7,92,COMPLETED
AM,Alert Management,Alert Generation,US009,"As a user, I want to receive alerts for anomalies",alerts/alert_manager.py:create_alert(),tests/test_alerts.py,9,94,COMPLETED
AM,Alert Management,Email Notifications,US010,"As a user, I want email notifications for critical alerts",alerts/email_notifier.py:send_email(),tests/test_alerts.py,5,87,COMPLETED
AM,Alert Management,Push Notifications,US011,"As a user, I want push notifications on my mobile",utils/push_notification_manager.py:send_push(),tests/test_alerts.py,4,85,COMPLETED
AM,Alert Management,Alert Prioritization,US012,"As a user, I want alerts prioritized by severity",alerts/alert_manager.py:prioritize_alerts(),tests/test_alerts.py,3,90,COMPLETED
DV,Dashboard & Visualization,Web Dashboard,US013,"As a user, I want a web-based dashboard",dashboard/app.py:create_layout(),tests/test_integeration.py,6,75,COMPLETED
DV,Dashboard & Visualization,3D Network Topology,US014,"As a user, I want to visualize network topology in 3D",dashboard/app.py:create_3d_topology(),tests/test_integeration.py,2,70,COMPLETED
DV,Dashboard & Visualization,Real-time Charts,US015,"As a user, I want real-time traffic charts",dashboard/app.py:update_charts(),tests/test_integeration.py,4,80,COMPLETED
SA,Security & Authentication,User Authentication,US016,"As a user, I want secure login",utils/auth.py:login(),tests/test_database.py,7,95,COMPLETED
SA,Security & Authentication,Rate Limiting,US017,"As an admin, I want protection against brute force",utils/rate_limiter.py:check_rate_limit(),tests/test_database.py,4,88,COMPLETED
SA,Security & Authentication,Device Trust Management,US018,"As a user, I want to mark devices as trusted",database/db_manager.py:set_device_trust(),tests/test_database.py,3,92,COMPLETED
DM,Device Management,Device Grouping,US019,"As a user, I want to group devices",utils/device_group_manager.py:create_group(),tests/test_database.py,5,86,COMPLETED
DM,Device Management,Device Blocking,US020,"As a user, I want to block malicious devices",scripts/firewall_manager.py:block_device(),tests/test_integeration.py,3,82,COMPLETED
IOT,IoT-Specific Features,IoT Protocol Analysis,US021,"As a user, I want IoT protocol detection",utils/iot_protocol_analyzer.py:analyze_protocol(),tests/test_integeration.py,4,78,COMPLETED
IOT,IoT-Specific Features,Smart Home Integration,US022,"As a user, I want smart home device monitoring",utils/iot_features.py:get_smart_home_manager(),tests/test_integeration.py,3,75,COMPLETED
IOT,IoT-Specific Features,Privacy Monitoring,US023,"As a user, I want privacy leak detection",utils/iot_features.py:get_privacy_monitor(),tests/test_integeration.py,2,72,COMPLETED
RE,Reporting & Export,PDF Reports,US024,"As a user, I want PDF security reports",utils/report_generator.py:generate_pdf(),tests/test_integeration.py,3,80,COMPLETED
RE,Reporting & Export,CSV Export,US025,"As a user, I want to export data as CSV",dashboard/app.py:export_csv(),tests/test_integeration.py,2,85,COMPLETED
